kind,year,month,station,date,lat,lon,depth_m,temperature_c,salinity_psu,chl_gt10,chl_lt10,record_id
TS,2004,8,1,2004/8/4,24.8666,122.0,5.0,27.51,34.19,,,272
TS,2004,8,1,2004/8/4,24.8666,122.0,25.0,23.81,34.7,,,272
TS,2004,8,1,2004/8/4,24.8666,122.0,50.0,21.7,34.61,,,272
TS,2004,8,2,2004/8/4,25.0,122.5,5.0,29.42,34.12,,,272
TS,2004,8,2,2004/8/4,25.0,122.5,25.0,28.6,34.15,,,272
TS,2004,8,2,2004/8/4,25.0,122.5,50.0,27.71,34.38,,,272
TS,2004,8,3,2004/8/4,25.0,123.0,5.0,29.33,34.24,,,272
TS,2004,8,3,2004/8/4,25.0,123.0,25.0,28.13,34.35,,,272
TS,2004,8,3,2004/8/4,25.0,123.0,50.0,26.82,34.49,,,272
TS,2004,8,4,2004/8/5,24.5,122.5,5.0,30.17,34.04,,,272
TS,2004,8,4,2004/8/5,24.5,122.5,25.0,28.63,34.18,,,272
TS,2004,8,4,2004/8/5,24.5,122.5,50.0,27.54,34.33,,,272
TS,2004,8,5,2004/8/5,24.5,122.0,5.0,27.9,34.11,,,272
TS,2004,8,5,2004/8/5,24.5,122.0,25.0,26.26,34.45,,,272
TS,2004,8,5,2004/8/5,24.5,122.0,50.0,23.14,34.65,,,272
TS,2004,8,7,2004/8/5,23.75,122.0,5.0,30.24,34.07,,,272
TS,2004,8,7,2004/8/5,23.75,122.0,25.0,29.21,34.19,,,272
TS,2004,8,7,2004/8/5,23.75,122.0,50.0,28.27,34.35,,,272
TS,2004,8,8,2004/8/5,23.75,122.5,5.0,30.67,34.08,,,272
TS,2004,8,8,2004/8/5,23.75,122.5,25.0,29.3,34.21,,,272
TS,2004,8,8,2004/8/5,23.75,122.5,50.0,28.41,34.34,,,272
TS,2004,8,9,2004/8/5,23.75,123.0,5.0,30.7,34.01,,,272
TS,2004,8,9,2004/8/5,23.75,123.0,25.0,29.36,34.01,,,272
TS,2004,8,9,2004/8/5,23.75,123.0,50.0,28.95,34.34,,,272
TS,2004,8,10,2004/8/6,23.0,123.0,5.0,30.16,33.96,,,272
TS,2004,8,10,2004/8/6,23.0,123.0,25.0,29.87,34.42,,,272
TS,2004,8,10,2004/8/6,23.0,123.0,50.0,29.05,34.41,,,272
TS,2004,8,11,2004/8/6,23.0,122.5,5.0,30.09,24.86,,,272
TS,2004,8,11,2004/8/6,23.0,122.5,25.0,29.31,34.04,,,272
TS,2004,8,11,2004/8/6,23.0,122.5,50.0,29.0,34.24,,,272
TS,2004,8,12,2004/8/6,23.0,122.0,5.0,29.75,34.09,,,272
TS,2004,8,12,2004/8/6,23.0,122.0,25.0,29.48,34.08,,,272
TS,2004,8,12,2004/8/6,23.0,122.0,50.0,28.25,34.29,,,272
TS,2004,8,13,2004/8/6,23.0,121.5,5.0,29.91,33.99,,,272
TS,2004,8,13,2004/8/6,23.0,121.5,25.0,29.15,34.01,,,272
TS,2004,8,13,2004/8/6,23.0,121.5,50.0,27.36,34.28,,,272
TS,2004,8,14,2004/8/6,23.6666,121.25,5.0,29.78,34.02,,,272
TS,2004,8,14,2004/8/6,23.6666,121.25,25.0,28.08,34.08,,,272
TS,2004,8,14,2004/8/6,23.6666,121.25,50.0,25.52,34.63,,,272
TS,2004,8,15,2004/8/6,22.25,121.0,5.0,29.63,34.18,,,272
TS,2004,8,15,2004/8/6,22.25,121.0,25.0,29.06,34.14,,,272
TS,2004,8,15,2004/8/6,22.25,121.0,50.0,26.79,34.48,,,272
TS,2004,8,16,2004/8/6,22.25,121.5,5.0,29.73,34.15,,,272
TS,2004,8,16,2004/8/6,22.25,121.5,25.0,28.51,34.23,,,272
TS,2004,8,16,2004/8/6,22.25,121.5,50.0,24.56,34.69,,,272
TS,2004,8,17,2004/8/7,22.25,120.0,5.0,29.04,34.11,,,272
TS,2004,8,17,2004/8/7,22.25,120.0,25.0,27.0,34.43,,,272
TS,2004,8,17,2004/8/7,22.25,120.0,50.0,22.91,34.79,,,272
TS,2004,8,18,2004/8/7,22.25,122.5,5.0,29.1,34.15,,,272
TS,2004,8,18,2004/8/7,22.25,122.5,25.0,27.93,34.28,,,272
TS,2004,8,18,2004/8/7,22.25,122.5,50.0,25.95,34.56,,,272
TS,2004,8,19,2004/8/7,22.25,123.0,5.0,29.32,34.14,,,272
TS,2004,8,19,2004/8/7,22.25,123.0,25.0,27.25,34.39,,,272
TS,2004,8,19,2004/8/7,22.25,123.0,50.0,26.12,34.53,,,272
TS,2004,8,20,2004/8/7,21.5,123.0,5.0,29.7,34.15,,,272
TS,2004,8,20,2004/8/7,21.5,123.0,25.0,29.49,34.14,,,272
TS,2004,8,20,2004/8/7,21.5,123.0,50.0,28.55,34.3,,,272
TS,2004,8,21,2004/8/7,21.5,122.5,5.0,29.44,34.15,,,272
TS,2004,8,21,2004/8/7,21.5,122.5,25.0,29.37,34.14,,,272
TS,2004,8,21,2004/8/7,21.5,122.5,50.0,28.11,34.22,,,272
TS,2004,8,22,2004/8/7,21.5,122.0,5.0,28.95,34.07,,,272
TS,2004,8,22,2004/8/7,21.5,122.0,25.0,27.45,34.18,,,272
TS,2004,8,22,2004/8/7,21.5,122.0,50.0,25.78,34.31,,,272
TS,2004,8,23,2004/8/8,21.5,121.5,5.0,29.36,34.21,,,272
TS,2004,8,23,2004/8/8,21.5,121.5,25.0,28.82,34.24,,,272
TS,2004,8,23,2004/8/8,21.5,121.5,50.0,26.93,34.45,,,272
TS,2004,8,24,2004/8/8,21.5,121.0,5.0,28.88,34.1,,,272
TS,2004,8,24,2004/8/8,21.5,121.0,25.0,28.28,34.07,,,272
TS,2004,8,24,2004/8/8,21.5,121.0,50.0,27.37,34.26,,,272
TS,2004,8,25,2004/8/8,21.5,120.5,5.0,29.34,34.0,,,272
TS,2004,8,25,2004/8/8,21.5,120.5,25.0,29.26,34.0,,,272
TS,2004,8,25,2004/8/8,21.5,120.5,50.0,27.13,34.44,,,272
TS,2004,8,26,2004/8/8,21.5,120.0,5.0,29.33,34.13,,,272
TS,2004,8,26,2004/8/8,21.5,120.0,25.0,28.78,34.19,,,272
TS,2004,8,26,2004/8/8,21.5,120.0,50.0,27.12,34.46,,,272
TS,2004,8,27,2004/8/8,21.5,119.5,5.0,29.74,33.73,,,272
TS,2004,8,27,2004/8/8,21.5,119.5,25.0,28.8,34.15,,,272
TS,2004,8,27,2004/8/8,21.5,119.5,50.0,26.2,34.45,,,272
TS,2004,8,28,2004/8/8,21.5,119.0,5.0,29.41,34.04,,,272
TS,2004,8,28,2004/8/8,21.5,119.0,25.0,28.25,34.07,,,272
TS,2004,8,28,2004/8/8,21.5,119.0,50.0,25.92,34.28,,,272
TS,2004,8,29,2004/8/8,22.0,119.0,5.0,29.92,33.94,,,272
TS,2004,8,29,2004/8/8,22.0,119.0,25.0,29.28,33.96,,,272
TS,2004,8,29,2004/8/8,22.0,119.0,50.0,25.6,34.34,,,272
TS,2004,8,30,2004/8/9,22.0,119.5,5.0,28.98,34.22,,,272
TS,2004,8,30,2004/8/9,22.0,119.5,25.0,28.53,34.33,,,272
TS,2004,8,30,2004/8/9,22.0,119.5,50.0,27.28,34.41,,,272
TS,2004,8,31,2004/8/9,22.0,120.0,5.0,29.26,34.16,,,272
TS,2004,8,31,2004/8/9,22.0,120.0,25.0,28.88,34.23,,,272
TS,2004,8,31,2004/8/9,22.0,120.0,50.0,27.61,34.35,,,272
TS,2004,8,32,2004/8/9,22.0,120.5,5.0,29.11,33.92,,,272
TS,2004,8,32,2004/8/9,22.0,120.5,25.0,28.41,34.01,,,272
TS,2004,8,32,2004/8/9,22.0,120.5,50.0,27.21,34.17,,,272
TS,2004,8,59,2004/9/8,26.0,123.0,5.0,28.63,34.22,,,272
TS,2004,8,59,2004/9/8,26.0,123.0,25.0,28.61,34.22,,,272
TS,2004,8,59,2004/9/8,26.0,123.0,50.0,26.31,34.37,,,272
TS,2004,8,60,2004/9/8,25.5,123.0,5.0,28.45,34.17,,,272
TS,2004,8,60,2004/9/8,25.5,123.0,25.0,28.36,34.19,,,272
TS,2004,8,60,2004/9/8,25.5,123.0,50.0,28.26,34.21,,,272
CHL,2009,1,1,2009/1/17 0640-1713,24.5,122.0,365.0,,,0.018,0.09,332
CHL,2009,1,2,2009/1/17 0256-0406,25.0,122.5,1442.0,,,0.033,0.199,332
CHL,2009,1,3,2009/1/16 1947-2029,25.0,122.0,1622.0,,,0.025,0.135,332
CHL,2009,1,4,2009/1/16 1608-1646,24.5,122.5,585.0,,,0.029,0.22,332
CHL,2009,1,5,2009/1/16 1320-1405,24.5,122.0,805.0,,,0.016,0.198,332
CHL,2009,1,6,2009/1/16 1008-1105,24.0,121.6666,666.0,,,0.022,0.213,332
CHL,2009,1,7,2009/1/16 0730-0822,24.75,122.0,3256.0,,,0.015,0.175,332
CHL,2009,1,8,2009/1/16 0423-0504,23.75,122.5,3104.0,,,0.016,0.151,332
CHL,2009,1,9,2009/1/16 0110-0203,23.75,123.0,3640.0,,,0.019,0.186,332
CHL,2009,1,10,2009/1/15 2030-2120,23.0,123.0,5274.0,,,0.029,0.178,332
CHL,2009,1,11,2009/1/15 0140-0240,23.0,122.5,5503.0,,,0.035,0.181,332
CHL,2009,1,12,2009/1/15 0500-0530,23.0,122.0,4866.0,,,0.01,0.197,332
CHL,2009,1,13,2009/1/15 1105-1156,23.0,121.5,2018.0,,,0.022,0.305,332
CHL,2009,1,14,2009/1/15 0828-0917,22.6666,121.25,1083.0,,,0.026,0.231,332
CHL,2009,1,15,2009/1/15 0517-1611,22.25,121.0,1204.0,,,0.014,0.192,332
CHL,2009,1,16,2009/1/15 0205-0241,22.25,121.5,642.0,,,0.014,0.168,332
CHL,2009,1,17,2009/1/14 2305-2354,22.25,122.0,4770.0,,,0.021,0.204,332
CHL,2009,1,18,2009/1/14 2000-2051,22.25,122.5,4833.0,,,0.019,0.196,332
CHL,2009,1,19,2009/1/14 1700-1745,22.25,123.0,3764.0,,,0.018,0.147,332
CHL,2009,1,20,2009/1/14 1158-1238,21.5,123.0,4784.0,,,0.015,0.159,332
CHL,2009,1,21,2009/1/14 0837-0932,21.5,122.5,4786.0,,,0.01,0.213,332
CHL,2009,1,22,2009/1/14 0509-0607,21.5,122.0,3480.0,,,0.024,0.21,332
CHL,2009,1,23,2009/1/14 0149-0231,21.5,121.5,2130.0,,,0.047,0.124,332
CHL,2009,1,24,2009/1/13 2156-2248,21.5,121.0,1212.0,,,0.004,0.059,332
CHL,2009,1,25,2009/1/13 1735-1829,21.5,120.5,1670.0,,,0.009,0.207,332
CHL,2009,1,26,2009/1/12 0742-0830,21.5,122.0,2951.0,,,0.026,0.126,332
CHL,2009,1,27,2009/1/12 0427-0512,21.5,119.5,2952.0,,,0.015,0.039,332
CHL,2009,1,28,2009/1/12 0105-0152,21.5,119.0,2762.0,,,0.047,0.097,332
CHL,2009,1,29,2009/1/11 2157-2300,22.0,119.0,1450.0,,,0.092,0.224,332
CHL,2009,1,30,2009/1/11 1902-0958,22.0,119.5,2288.0,,,0.046,0.14,332
CHL,2009,1,31,2009/1/11 1605-0657,22.0,120.0,1146.0,,,0.029,0.135,332
CHL,2009,1,32,2009/1/11 1327-1355,22.0,120.5,300.0,,,0.007,0.177,332
CHL,2009,1,33,2009/1/11 1048-1140,22.3666,120.3333,530.0,,,0.041,0.191,332
CHL,2009,1,34,2009/1/9 0806-1000,22.5,120.0,725.0,,,0.054,0.159,332
CHL,2009,1,35,2009/1/9 0537-0600,22.5,119.5,210.0,,,0.023,0.082,332
CHL,2009,1,36,2009/1/9 0156-0216,22.5,119.0,84.0,,,0.049,0.133,332
CHL,2009,1,37,2009/1/8 2337-2355,22.9166,119.1,25.0,,,0.031,0.186,332
CHL,2009,1,38,2009/1/8 2124-2150,23.0,119.5,72.0,,,0.147,0.219,332
CHL,2009,1,39,2009/1/8 1905-1925,23.0,119.9,125.0,,,0.042,0.106,332
CHL,2009,1,40,2009/1/8 1610-1631,23.5,119.9,124.0,,,0.082,0.111,332
CHL,2009,1,41,2009/1/8 1326-1345,23.5,119.4666,55.0,,,0.099,0.195,332
CHL,2009,1,42,2009/1/8 0937-0955,23.5,119.0,54.0,,,0.121,0.28,332
CHL,2009,1,43,2009/1/8 0647-0703,24.0,119.0,62.0,,,0.262,0.135,332
CHL,2009,1,44,2009/1/8 0250-0305,24.0,119.5,62.0,,,0.064,0.136,332
CHL,2009,1,45,2009/1/7 2245-2307,24.0,120.0,38.0,,,0.212,0.214,332
CHL,2009,1,46,2009/1/7 1915-1945,24.5,120.5,54.0,,,0.132,0.32,332
CHL,2009,1,47,2009/1/7 1600-1630,24.5,120.0,58.0,,,0.058,0.117,332
CHL,2009,1,48,2009/1/7 1255-1309,24.5,119.5,62.0,,,0.07,0.185,332
CHL,2009,1,49,2009/1/7 0908-0934,25.0,120.0,55.0,,,0.115,0.315,332
CHL,2009,1,50,2009/1/7 0634-0700,25.0,120.5,79.0,,,0.116,0.172,332
CHL,2009,1,51,2009/1/7 0426-0442,25.1,120.9,76.0,,,0.041,0.118,332
CHL,2009,1,52,2009/1/7 0103-0117,25.5,120.5,63.0,,,0.084,0.099,332
CHL,2009,1,53,2009/1/6 2107-2131,26.0,121.0,78.0,,,0.105,0.141,332
CHL,2009,1,54,2009/1/6 1754-1815,25.5,121.0,92.0,,,0.079,0.124,332
CHL,2009,1,55,2009/1/6 1525-1545,25.5,121.5,115.0,,,0.035,0.155,332
CHL,2009,1,56,2009/1/6 1225-1245,26.0,121.5,67.0,,,0.044,0.195,332
CHL,2009,1,57,2009/1/6 0950-1020,26.0,122.0,99.0,,,0.013,0.127,332
CHL,2009,1,58,2009/1/6 0702-0732,26.0,122.5,103.0,,,0.017,0.145,332
CHL,2009,1,59,2009/1/6 0400-0430,26.0,123.0,94.0,,,0.015,0.153,332
CHL,2009,1,60,2009/1/6 2243-2321,25.5,123.0,771.0,,,0.022,0.156,332
CHL,2009,1,61,2009/1/5 2214-2254,25.5,122.5,308.0,,,0.018,0.269,332
CHL,2009,1,62,2009/1/5 1640-1719,25.5,122.0,120.0,,,0.024,0.22,332
